/*
 Navicat Premium Data Transfer

 Source Server         : Mysql
 Source Server Type    : MySQL
 Source Server Version : 80017
 Source Host           : localhost:3306
 Source Schema         : edu

 Target Server Type    : MySQL
 Target Server Version : 80017
 File Encoding         : 65001

 Date: 21/05/2021 17:11:39
*/

SET NAMES utf8mb4;
SET FOREIGN_KEY_CHECKS = 0;

-- ----------------------------
-- Table structure for edu_chapter
-- ----------------------------
DROP TABLE IF EXISTS `edu_chapter`;
CREATE TABLE `edu_chapter`  (
  `id` char(19) CHARACTER SET utf8mb4 COLLATE utf8mb4_0900_ai_ci NOT NULL COMMENT '章节ID',
  `course_id` char(19) CHARACTER SET utf8mb4 COLLATE utf8mb4_0900_ai_ci NOT NULL COMMENT '课程ID',
  `title` varchar(50) CHARACTER SET utf8mb4 COLLATE utf8mb4_0900_ai_ci NOT NULL COMMENT '章节名称',
  `sort` int(10) UNSIGNED NOT NULL DEFAULT 0 COMMENT '显示排序',
  `gmt_create` datetime(0) NOT NULL COMMENT '创建时间',
  `gmt_modified` datetime(0) NOT NULL COMMENT '更新时间',
  PRIMARY KEY (`id`) USING BTREE,
  INDEX `idx_course_id`(`course_id`) USING BTREE
) ENGINE = InnoDB CHARACTER SET = utf8mb4 COLLATE = utf8mb4_0900_ai_ci COMMENT = '课程' ROW_FORMAT = Compact;

-- ----------------------------
-- Records of edu_chapter
-- ----------------------------
INSERT INTO `edu_chapter` VALUES ('1376014941542191105', '1376009265566752769', '测试章节', 1, '2021-03-28 03:35:02', '2021-03-28 03:35:02');
INSERT INTO `edu_chapter` VALUES ('1376014980389834753', '1376009265566752769', '测试1136', 3, '2021-03-28 03:35:11', '2021-03-28 05:08:45');
INSERT INTO `edu_chapter` VALUES ('1376015067383894017', '1376009265566752769', '测试章节1136', 2, '2021-03-28 03:35:32', '2021-03-28 03:35:32');
INSERT INTO `edu_chapter` VALUES ('1376042779951517697', '1376009265566752769', '211', 0, '2021-03-28 05:25:39', '2021-03-28 05:25:39');
INSERT INTO `edu_chapter` VALUES ('1376042932305416194', '1376009265566752769', '985', 0, '2021-03-28 05:26:15', '2021-03-28 05:26:15');
INSERT INTO `edu_chapter` VALUES ('1376042967474655233', '1376009265566752769', '111', 0, '2021-03-28 05:26:24', '2021-03-28 05:26:24');
INSERT INTO `edu_chapter` VALUES ('1382204737280057345', '15', 'HTML', 0, '2021-04-14 05:31:04', '2021-04-14 05:31:04');
INSERT INTO `edu_chapter` VALUES ('1382204782670815234', '15', 'CSS', 1, '2021-04-14 05:31:15', '2021-04-14 05:31:15');
INSERT INTO `edu_chapter` VALUES ('1382217745821638658', '21', '一、简介', 0, '2021-04-14 06:22:46', '2021-04-14 06:22:46');
INSERT INTO `edu_chapter` VALUES ('1388086332856729602', '1388086074986725378', '100', 0, '2021-04-30 11:02:26', '2021-04-30 11:02:26');
INSERT INTO `edu_chapter` VALUES ('1392025500284710914', '1392025441598009345', '15：55测试', 0, '2021-05-11 07:55:17', '2021-05-11 07:55:17');
INSERT INTO `edu_chapter` VALUES ('1392025539107188738', '1392025441598009345', '15：56测试', 1, '2021-05-11 07:55:26', '2021-05-11 07:55:26');
INSERT INTO `edu_chapter` VALUES ('1392025591867338753', '1392025441598009345', '15：57测试1', 3, '2021-05-11 07:55:38', '2021-05-11 07:56:10');
INSERT INTO `edu_chapter` VALUES ('1393862672994304002', '1393862497596899330', '测试1', 0, '2021-05-16 09:35:33', '2021-05-16 09:35:33');
INSERT INTO `edu_chapter` VALUES ('1393862963361775618', '1393862497596899330', '测试3', 2, '2021-05-16 09:36:42', '2021-05-16 09:36:42');
INSERT INTO `edu_chapter` VALUES ('1393862992914841602', '1393862497596899330', '测试', 1, '2021-05-16 09:36:49', '2021-05-16 09:36:49');
INSERT INTO `edu_chapter` VALUES ('1393863057783947266', '1393862497596899330', '测试5', 0, '2021-05-16 09:37:04', '2021-05-16 09:37:04');
INSERT INTO `edu_chapter` VALUES ('1394575024442068994', '1394574939335446529', '1646测试', 0, '2021-05-18 08:46:10', '2021-05-18 08:46:10');
INSERT INTO `edu_chapter` VALUES ('15', '18', '第一章：Java入门', 1, '2019-01-01 12:27:40', '2019-01-01 12:27:40');
INSERT INTO `edu_chapter` VALUES ('32', '18', '第二章：控制台输入和输出', 2, '2019-01-01 12:27:40', '2019-01-01 12:27:40');
INSERT INTO `edu_chapter` VALUES ('44', '18', '第三章：控制流', 3, '2019-01-01 12:27:40', '2019-01-01 12:27:40');
INSERT INTO `edu_chapter` VALUES ('48', '18', '第四章：类的定义', 4, '2019-01-01 12:27:40', '2019-01-01 12:27:40');
INSERT INTO `edu_chapter` VALUES ('63', '18', '第五章：数组', 5, '2019-01-01 12:27:40', '2019-01-01 12:27:40');
INSERT INTO `edu_chapter` VALUES ('64', '18', '第六章：继承', 6, '2019-01-01 12:27:40', '2019-01-01 12:27:40');
INSERT INTO `edu_chapter` VALUES ('65', '18', '第七章：多态性和抽象类', 7, '2019-01-01 12:27:40', '2019-01-01 12:27:40');

-- ----------------------------
-- Table structure for edu_course
-- ----------------------------
DROP TABLE IF EXISTS `edu_course`;
CREATE TABLE `edu_course`  (
  `id` char(19) CHARACTER SET utf8mb4 COLLATE utf8mb4_0900_ai_ci NOT NULL COMMENT '课程ID',
  `teacher_id` char(19) CHARACTER SET utf8mb4 COLLATE utf8mb4_0900_ai_ci NULL DEFAULT NULL COMMENT '课程讲师ID',
  `subject_id` char(19) CHARACTER SET utf8mb4 COLLATE utf8mb4_0900_ai_ci NULL DEFAULT NULL COMMENT '课程专业二级分类ID',
  `title` varchar(50) CHARACTER SET utf8mb4 COLLATE utf8mb4_0900_ai_ci NOT NULL COMMENT '课程标题',
  `price` decimal(20, 4) UNSIGNED NOT NULL DEFAULT 0.0000 COMMENT '课程销售价格，设置为0则可免费观看',
  `lesson_num` int(10) UNSIGNED NOT NULL DEFAULT 0 COMMENT '总课时',
  `cover` varchar(255) CHARACTER SET utf8 COLLATE utf8_general_ci NULL DEFAULT NULL COMMENT '课程封面图片路径',
  `buy_count` bigint(10) UNSIGNED NULL DEFAULT 0 COMMENT '销售数量',
  `view_count` bigint(10) UNSIGNED NULL DEFAULT 0 COMMENT '浏览数量',
  `version` bigint(20) UNSIGNED NULL DEFAULT 1 COMMENT '乐观锁',
  `status` varchar(10) CHARACTER SET utf8mb4 COLLATE utf8mb4_0900_ai_ci NULL DEFAULT 'Draft' COMMENT '视频状态 Draft未发布  Normal已发布',
  `gmt_create` datetime(0) NOT NULL COMMENT '创建时间',
  `gmt_modified` datetime(0) NOT NULL COMMENT '更新时间',
  `subject_parent_id` char(19) CHARACTER SET utf8mb4 COLLATE utf8mb4_0900_ai_ci NULL DEFAULT NULL COMMENT '课程专业一级分类ID',
  PRIMARY KEY (`id`) USING BTREE,
  INDEX `idx_title`(`title`) USING BTREE,
  INDEX `idx_subject_id`(`subject_id`) USING BTREE,
  INDEX `idx_teacher_id`(`teacher_id`) USING BTREE
) ENGINE = InnoDB CHARACTER SET = utf8mb4 COLLATE = utf8mb4_0900_ai_ci COMMENT = '课程' ROW_FORMAT = Compact;

-- ----------------------------
-- Records of edu_course
-- ----------------------------
INSERT INTO `edu_course` VALUES ('10', '1382194252052733953', '1382196989133889538', '零基础入门学习Python课程学习', 1.0000, 12, '\r\nhttps://img.sanjin.work/cover/2021/04/14/1442295455437.jpg', 84, 293, 21, 'Draft', '2018-03-26 00:00:28', '2021-05-18 08:27:45', '1382196951078969345');
INSERT INTO `edu_course` VALUES ('1376009265566752769', '1375002004094488578', '1375407457215455233', '测试', 110.0000, 10, 'https://img.sanjin.work/cover/1FC88BB3E1874D67942B3D87432A1090.jpg', 1, 225, 1, 'Normal', '2021-03-28 03:12:29', '2021-05-11 07:54:15', '1375407225522102274');
INSERT INTO `edu_course` VALUES ('1382254200199618562', '1375002004094488578', '1375407457215455233', '测试111', 998.0000, 6, 'https://img.sanjin.work/cover/1FC88BB3E1874D67942B3D87432A1090.jpg', 2, 16, 1, 'Draft', '2021-04-14 08:47:37', '2021-05-11 08:12:23', '1375407225522102274');
INSERT INTO `edu_course` VALUES ('1382273953786011650', '1375002004094488578', '1375407457215455233', '测试0414', 999.0000, 10, 'https://img.sanjin.work/cover/1FC88BB3E1874D67942B3D87432A1090.jpg', 1, 4, 1, 'Draft', '2021-04-14 10:06:07', '2021-04-30 11:01:40', '1375407225522102274');
INSERT INTO `edu_course` VALUES ('1392025441598009345', '1392024105812848642', '1392024796329504770', '20210511测试', 1000.0000, 40, 'https://sanjin-edu.oss-cn-shenzhen.aliyuncs.com/cover/2021/05/11/6c12af36-0523-418f-b020-4887dc7fb35b.jpg', 1, 2, 1, 'Normal', '2021-05-11 07:55:03', '2021-05-11 08:02:10', '1392024795704553473');
INSERT INTO `edu_course` VALUES ('1393862497596899330', '1375002004094488578', '1393861809215143937', '173测试', 1000.0000, 10, 'https://sanjin-edu.oss-cn-shenzhen.aliyuncs.com/cover/2021/05/16/70cbfefc-1e63-424f-8991-64d2670ac86d.jpg', 1, 3, 1, 'Normal', '2021-05-16 09:34:51', '2021-05-16 09:56:29', '1393861808728604673');
INSERT INTO `edu_course` VALUES ('1394574939335446529', '1375002004094488578', '1394574568416366594', 'java测试', 1000.0000, 10, 'https://sanjin-edu.oss-cn-shenzhen.aliyuncs.com/cover/2021/05/18/827428c8-813b-4666-8392-ef7f2bc58dcd.jpg', 0, 0, 1, 'Normal', '2021-05-18 08:45:50', '2021-05-18 08:46:45', '1394574567971770370');
INSERT INTO `edu_course` VALUES ('15', '1382193983994765314', '1375346837975732225', 'HTML5入门课程学习', 1000.0000, 23, '\r\nhttps://img.sanjin.work/cover/2021/04/14/1442295556203.jpg', 4, 70, 17, 'Normal', '2018-04-02 18:34:32', '2021-05-11 08:16:42', '1375346837354975233');
INSERT INTO `edu_course` VALUES ('17', '1382201850386751489', '1375346843478659073', 'MySql从入门到精通', 10000.0000, 100, '\r\nhttps://img.sanjin.work/cover/2021/04/14/1442295570359.jpg', 35, 138, 4, 'Draft', '2018-04-02 21:13:58', '2021-04-20 06:35:26', '1375346842828541953');
INSERT INTO `edu_course` VALUES ('18', '1374646869879164930', '1375346840731389953', 'Java精品课程', 1000.0000, 20, '\r\nhttps://img.sanjin.work/cover/2021/04/14/1442295581911.jpg', 91, 306, 6, 'Normal', '2018-04-02 21:28:46', '2021-05-18 08:41:47', '1375346840173547521');
INSERT INTO `edu_course` VALUES ('21', '1373899973569130498', '1382215994469031937', '搜索引擎优化技术', 1000.0000, 23, 'https://img.sanjin.work/cover/2021/04/14/1442302852837.jpg', 23, 140, 1, 'Normal', '2018-09-15 11:38:57', '2021-04-20 03:35:48', '1382215908263501826');
INSERT INTO `edu_course` VALUES ('22', '1373899973569130498', '1382216036605009921', '影响力摄影小课堂', 1000.0000, 0, 'https://img.sanjin.work/cover/2021/04/14/9074713F9EF7211F93D4A654CDDE7C9A.jpg', 2, 12, 3, 'Normal', '2018-11-02 10:49:41', '2021-05-16 07:27:26', '1382215908263501826');
INSERT INTO `edu_course` VALUES ('24', '1382194114534088706', '1382216097393057794', '国家教师资格考试', 2000.0000, 12, 'https://img.sanjin.work/cover/2021/04/14/9E7583A47195D2223A74EED6CADF7971.jpg', 1, 35, 3, 'Draft', '2018-11-04 09:48:44', '2021-05-16 07:50:13', '1382215908263501826');
INSERT INTO `edu_course` VALUES ('25', '1382194114534088706', '1382216148794253313', '听力口语训练营', 0.0000, 0, '\r\nhttps://img.sanjin.work/cover/2021/04/14/1442295592705.jpg', 0, 15, 14, 'Draft', '2018-02-26 19:23:48', '2021-04-14 06:32:24', '1382215908263501826');
INSERT INTO `edu_course` VALUES ('26', '1382194114534088706', '1382216193870438401', 'CAD4零基础教学', 0.0000, 0, 'https://img.sanjin.work/cover/2021/04/14/1442295604295.jpg', 0, 37, 35, 'Draft', '2018-02-26 19:24:44', '2021-04-14 06:32:38', '1382215908263501826');

-- ----------------------------
-- Table structure for edu_course_description
-- ----------------------------
DROP TABLE IF EXISTS `edu_course_description`;
CREATE TABLE `edu_course_description`  (
  `id` char(19) CHARACTER SET utf8mb4 COLLATE utf8mb4_0900_ai_ci NOT NULL COMMENT '课程ID',
  `description` text CHARACTER SET utf8mb4 COLLATE utf8mb4_0900_ai_ci NULL COMMENT '课程简介',
  `gmt_create` datetime(0) NOT NULL COMMENT '创建时间',
  `gmt_modified` datetime(0) NOT NULL COMMENT '更新时间',
  PRIMARY KEY (`id`) USING BTREE
) ENGINE = InnoDB CHARACTER SET = utf8mb4 COLLATE = utf8mb4_0900_ai_ci COMMENT = '课程简介' ROW_FORMAT = Dynamic;

-- ----------------------------
-- Records of edu_course_description
-- ----------------------------
INSERT INTO `edu_course_description` VALUES ('10', '<p>零基础入门学习</p>', '2021-04-14 13:04:48', '2021-05-18 03:14:04');
INSERT INTO `edu_course_description` VALUES ('1375668404043702273', '<p>2人1</p>', '2021-03-27 04:38:01', '2021-03-27 06:59:55');
INSERT INTO `edu_course_description` VALUES ('1375670936002420738', '<p>q</p>', '2021-03-27 04:48:05', '2021-03-27 04:48:05');
INSERT INTO `edu_course_description` VALUES ('1375686284709781506', '<p>53</p>', '2021-03-27 05:49:04', '2021-03-27 05:49:04');
INSERT INTO `edu_course_description` VALUES ('1375696439971201026', '<p>010</p>', '2021-03-27 06:29:25', '2021-03-27 06:29:25');
INSERT INTO `edu_course_description` VALUES ('1375696801272705026', '<p>阿达</p>', '2021-03-27 06:30:51', '2021-03-27 06:58:01');
INSERT INTO `edu_course_description` VALUES ('1376009265566752769', '<p>出去</p>', '2021-03-28 03:12:29', '2021-05-11 07:53:58');
INSERT INTO `edu_course_description` VALUES ('1382254200199618562', '<p>长度</p>', '2021-04-14 08:47:37', '2021-04-20 03:35:14');
INSERT INTO `edu_course_description` VALUES ('1382273953786011650', '<p>从</p>', '2021-04-14 10:06:07', '2021-04-30 11:01:40');
INSERT INTO `edu_course_description` VALUES ('1392025441598009345', '<p>测试</p>', '2021-05-11 07:55:03', '2021-05-11 07:55:03');
INSERT INTO `edu_course_description` VALUES ('1393835614138302465', '', '2021-05-16 07:48:01', '2021-05-16 07:48:01');
INSERT INTO `edu_course_description` VALUES ('1393862497596899330', '<p>测试</p>', '2021-05-16 09:34:51', '2021-05-16 09:35:20');
INSERT INTO `edu_course_description` VALUES ('1394574939335446529', '<p>测试</p>', '2021-05-18 08:45:50', '2021-05-18 08:45:50');
INSERT INTO `edu_course_description` VALUES ('15', '<p>HTML5入门</p>', '2021-04-14 13:15:35', '2021-04-30 10:52:55');
INSERT INTO `edu_course_description` VALUES ('17', '<p>MySql入门</p>', '2021-04-14 13:17:40', '2021-04-20 06:35:16');
INSERT INTO `edu_course_description` VALUES ('18', '<p>Java精品</p>', '2021-04-14 13:20:37', '2021-05-15 08:59:29');
INSERT INTO `edu_course_description` VALUES ('21', '<p>搜索引擎</p>', '2021-04-14 14:17:49', '2021-04-20 03:35:48');
INSERT INTO `edu_course_description` VALUES ('22', '<p>摄影</p>', '2021-04-14 14:18:08', '2021-05-16 05:22:24');
INSERT INTO `edu_course_description` VALUES ('24', '<p>教师资格</p>', '2021-04-14 14:18:32', '2021-05-16 07:27:00');
INSERT INTO `edu_course_description` VALUES ('25', '<p>口语</p>', '2021-04-14 14:18:58', '2021-04-14 06:32:24');
INSERT INTO `edu_course_description` VALUES ('26', '<p>cad</p>', '2021-04-14 14:19:09', '2021-04-14 06:32:38');

-- ----------------------------
-- Table structure for edu_order
-- ----------------------------
DROP TABLE IF EXISTS `edu_order`;
CREATE TABLE `edu_order`  (
  `id` char(19) CHARACTER SET utf8mb4 COLLATE utf8mb4_0900_ai_ci NOT NULL DEFAULT '',
  `order_no` varchar(20) CHARACTER SET utf8mb4 COLLATE utf8mb4_0900_ai_ci NOT NULL DEFAULT '' COMMENT '订单号',
  `course_id` varchar(19) CHARACTER SET utf8mb4 COLLATE utf8mb4_0900_ai_ci NOT NULL DEFAULT '' COMMENT '课程id',
  `course_title` varchar(100) CHARACTER SET utf8mb4 COLLATE utf8mb4_0900_ai_ci NULL DEFAULT NULL COMMENT '课程名称',
  `course_cover` varchar(255) CHARACTER SET utf8mb4 COLLATE utf8mb4_0900_ai_ci NULL DEFAULT NULL COMMENT '课程封面',
  `teacher_name` varchar(20) CHARACTER SET utf8mb4 COLLATE utf8mb4_0900_ai_ci NULL DEFAULT NULL COMMENT '讲师名称',
  `member_id` varchar(19) CHARACTER SET utf8mb4 COLLATE utf8mb4_0900_ai_ci NOT NULL DEFAULT '' COMMENT '会员id',
  `nickname` varchar(50) CHARACTER SET utf8mb4 COLLATE utf8mb4_0900_ai_ci NULL DEFAULT NULL COMMENT '会员昵称',
  `mobile` varchar(11) CHARACTER SET utf8mb4 COLLATE utf8mb4_0900_ai_ci NULL DEFAULT NULL COMMENT '会员手机',
  `total_fee` decimal(10, 2) NULL DEFAULT 0.01 COMMENT '订单金额（分）',
  `pay_type` tinyint(3) NULL DEFAULT NULL COMMENT '支付类型（1：支付宝 2：微信）',
  `status` tinyint(3) NULL DEFAULT NULL COMMENT '订单状态（0：未支付 1：已支付）',
  `is_deleted` tinyint(1) UNSIGNED NOT NULL DEFAULT 0 COMMENT '逻辑删除 1（true）已删除， 0（false）未删除',
  `gmt_create` datetime(0) NOT NULL COMMENT '创建时间',
  `gmt_modified` datetime(0) NOT NULL COMMENT '更新时间',
  PRIMARY KEY (`id`) USING BTREE,
  UNIQUE INDEX `ux_order_no`(`order_no`) USING BTREE,
  INDEX `idx_course_id`(`course_id`) USING BTREE,
  INDEX `idx_member_id`(`member_id`) USING BTREE
) ENGINE = InnoDB CHARACTER SET = utf8mb4 COLLATE = utf8mb4_0900_ai_ci COMMENT = '订单' ROW_FORMAT = Dynamic;

-- ----------------------------
-- Records of edu_order
-- ----------------------------
INSERT INTO `edu_order` VALUES ('1384090820091662337', '20210419182541791', '1376009265566752769', '测试', 'https://img.sanjin.work/cover/1FC88BB3E1874D67942B3D87432A1090.jpg', '三金测试', '1381541829063802882', '三金', NULL, 100.00, 1, 1, 0, '2021-04-19 10:25:41', '2021-04-19 10:25:41');
INSERT INTO `edu_order` VALUES ('1384355496755036161', '20210420115725321', '21', '搜索引擎优化技术', 'https://img.sanjin.work/cover/2021/04/14/1442302852837.jpg', '高级讲师', '1381541829063802882', '三金', NULL, 1000.00, 1, 1, 0, '2021-04-20 03:57:25', '2021-04-20 03:57:25');
INSERT INTO `edu_order` VALUES ('1384388978331914242', '20210420141027901', '1382273953786011650', '测试0414', 'https://img.sanjin.work/cover/1FC88BB3E1874D67942B3D87432A1090.jpg', '三金测试', '1381541829063802882', '三金', NULL, 999.00, 1, 1, 0, '2021-04-20 06:10:28', '2021-04-20 06:10:28');
INSERT INTO `edu_order` VALUES ('1384395260493361154', '20210420143525415', '17', 'MySql从入门到精通', '\r\nhttps://img.sanjin.work/cover/2021/04/14/1442295570359.jpg', 'mysql讲师', '1381541829063802882', '三金', NULL, 10000.00, 1, 1, 0, '2021-04-20 06:35:26', '2021-04-20 06:35:26');
INSERT INTO `edu_order` VALUES ('1388037102817603586', '20210430154648470', '15', 'HTML5入门课程学习', '\r\nhttps://img.sanjin.work/cover/2021/04/14/1442295556203.jpg', 'web前端', '1381541829063802882', '三金', '111111', 1000.00, 1, 0, 0, '2021-04-30 07:46:48', '2021-04-30 07:46:48');
INSERT INTO `edu_order` VALUES ('1388038610716028930', '20210430155247091', '15', 'HTML5入门课程学习', '\r\nhttps://img.sanjin.work/cover/2021/04/14/1442295556203.jpg', 'web前端', '1381541829063802882', '三金', '111111', 1000.00, 1, 0, 0, '2021-04-30 07:52:48', '2021-04-30 07:52:48');
INSERT INTO `edu_order` VALUES ('1388077470468632578', '20210430182712106', '15', 'HTML5入门课程学习', '\r\nhttps://img.sanjin.work/cover/2021/04/14/1442295556203.jpg', 'web前端', '1381541829063802882', '三金', '111111', 1000.00, 1, 1, 0, '2021-04-30 10:27:13', '2021-04-30 10:27:13');
INSERT INTO `edu_order` VALUES ('1392027234973274114', '20210511160210207', '1392025441598009345', '20210511测试', 'https://sanjin-edu.oss-cn-shenzhen.aliyuncs.com/cover/2021/05/11/6c12af36-0523-418f-b020-4887dc7fb35b.jpg', '测试11111', '1381541829063802882', '三金', '111111', 1000.00, 1, 1, 0, '2021-05-11 08:02:10', '2021-05-11 08:02:10');
INSERT INTO `edu_order` VALUES ('1392029803640541186', '20210511161222787', '1382254200199618562', '测试111', 'https://img.sanjin.work/cover/1FC88BB3E1874D67942B3D87432A1090.jpg', '三金测试', '1381541829063802882', '江三金', '111111', 998.00, 1, 1, 0, '2021-05-11 08:12:23', '2021-05-11 08:12:23');
INSERT INTO `edu_order` VALUES ('1392030889382268930', '20210511161641501', '15', 'HTML5入门课程学习', '\r\nhttps://img.sanjin.work/cover/2021/04/14/1442295556203.jpg', 'web前端', '1392030541682929666', '张三', NULL, 1000.00, 1, 1, 0, '2021-05-11 08:16:41', '2021-05-11 08:16:41');
INSERT INTO `edu_order` VALUES ('1393830432788803585', '20210516152725899', '22', '影响力摄影小课堂', 'https://img.sanjin.work/cover/2021/04/14/9074713F9EF7211F93D4A654CDDE7C9A.jpg', '高级讲师', '1381541829063802882', '江三金', '111111', 1000.00, 1, 1, 0, '2021-05-16 07:27:26', '2021-05-16 07:27:26');
INSERT INTO `edu_order` VALUES ('1393836165580288001', '20210516155012522', '24', '国家教师资格考试', 'https://img.sanjin.work/cover/2021/04/14/9E7583A47195D2223A74EED6CADF7971.jpg', '首席讲师', '1381541829063802882', '江三金', '111111', 2000.00, 1, 1, 0, '2021-05-16 07:50:13', '2021-05-16 07:50:13');
INSERT INTO `edu_order` VALUES ('1393867942818607105', '20210516175629627', '1393862497596899330', '173测试', 'https://sanjin-edu.oss-cn-shenzhen.aliyuncs.com/cover/2021/05/16/70cbfefc-1e63-424f-8991-64d2670ac86d.jpg', '三金测试', '1381541829063802882', '江三金', '111111', 1000.00, 1, 1, 0, '2021-05-16 09:56:29', '2021-05-16 09:56:29');
INSERT INTO `edu_order` VALUES ('1394573918974554114', '20210518164146474', '18', 'Java精品课程', '\r\nhttps://img.sanjin.work/cover/2021/04/14/1442295581911.jpg', 'java', '1381541829063802882', '江三金', '111111', 1000.00, 1, 1, 0, '2021-05-18 08:41:47', '2021-05-18 08:41:47');

-- ----------------------------
-- Table structure for edu_pay_log
-- ----------------------------
DROP TABLE IF EXISTS `edu_pay_log`;
CREATE TABLE `edu_pay_log`  (
  `id` char(19) CHARACTER SET utf8mb4 COLLATE utf8mb4_0900_ai_ci NOT NULL DEFAULT '',
  `order_no` varchar(20) CHARACTER SET utf8mb4 COLLATE utf8mb4_0900_ai_ci NOT NULL DEFAULT '' COMMENT '订单号',
  `pay_time` datetime(0) NULL DEFAULT NULL COMMENT '支付完成时间',
  `total_fee` decimal(10, 2) NULL DEFAULT 0.01 COMMENT '支付金额（分）',
  `transaction_id` varchar(30) CHARACTER SET utf8mb4 COLLATE utf8mb4_0900_ai_ci NULL DEFAULT NULL COMMENT '交易流水号',
  `trade_state` char(20) CHARACTER SET utf8mb4 COLLATE utf8mb4_0900_ai_ci NULL DEFAULT NULL COMMENT '交易状态',
  `pay_type` tinyint(3) NOT NULL DEFAULT 0 COMMENT '支付类型（1：支付宝 2：微信）',
  `attr` text CHARACTER SET utf8mb4 COLLATE utf8mb4_0900_ai_ci NULL COMMENT '其他属性',
  `is_deleted` tinyint(1) UNSIGNED NOT NULL DEFAULT 0 COMMENT '逻辑删除 1（true）已删除， 0（false）未删除',
  `gmt_create` datetime(0) NOT NULL COMMENT '创建时间',
  `gmt_modified` datetime(0) NOT NULL COMMENT '更新时间',
  PRIMARY KEY (`id`) USING BTREE,
  UNIQUE INDEX `uk_order_no`(`order_no`) USING BTREE
) ENGINE = InnoDB CHARACTER SET = utf8mb4 COLLATE = utf8mb4_0900_ai_ci COMMENT = '支付日志表' ROW_FORMAT = Dynamic;

-- ----------------------------
-- Records of edu_pay_log
-- ----------------------------
INSERT INTO `edu_pay_log` VALUES ('1384024794461184001', '20210419140305048', NULL, 100.00, '2021041922001462760505030336', 'TRADE_SUCCESS', 1, NULL, 0, '2021-04-19 06:03:20', '2021-04-19 06:03:20');
INSERT INTO `edu_pay_log` VALUES ('1384027833049935874', '20210419141506426', '2021-04-19 06:15:21', 100.00, '2021041922001462760505030181', 'TRADE_SUCCESS', 1, NULL, 0, '2021-04-19 06:15:24', '2021-04-19 06:15:24');
INSERT INTO `edu_pay_log` VALUES ('1384028910566543362', '20210419141925566', '2021-04-19 06:19:38', 100.00, '2021041922001462760505030035', 'TRADE_SUCCESS', 1, NULL, 0, '2021-04-19 06:19:41', '2021-04-19 06:19:41');
INSERT INTO `edu_pay_log` VALUES ('1384090953093042178', '20210419182541791', '2021-04-19 10:26:10', 100.00, '2021041922001462760505030736', 'TRADE_SUCCESS', 1, NULL, 0, '2021-04-19 10:26:13', '2021-04-19 10:26:13');
INSERT INTO `edu_pay_log` VALUES ('1384091387035734018', '20210419182741974', '2021-04-19 10:27:54', 1.00, '2021041922001462760505030503', 'TRADE_SUCCESS', 1, NULL, 0, '2021-04-19 10:27:57', '2021-04-19 10:27:57');
INSERT INTO `edu_pay_log` VALUES ('1384355555433349122', '20210420115725321', '2021-04-20 03:57:37', 1000.00, '2021042022001462760505030355', 'TRADE_SUCCESS', 1, NULL, 0, '2021-04-20 03:57:39', '2021-04-20 03:57:39');
INSERT INTO `edu_pay_log` VALUES ('1384389059206483970', '20210420141027901', '2021-04-20 06:10:44', 999.00, '2021042022001462760505030744', 'TRADE_SUCCESS', 1, NULL, 0, '2021-04-20 06:10:47', '2021-04-20 06:10:47');
INSERT INTO `edu_pay_log` VALUES ('1384395329401581570', '20210420143525415', '2021-04-20 06:35:39', 10000.00, '2021042022001462760505030849', 'TRADE_SUCCESS', 1, NULL, 0, '2021-04-20 06:35:42', '2021-04-20 06:35:42');
INSERT INTO `edu_pay_log` VALUES ('1392027419543621633', '20210511160210207', '2021-05-11 08:02:51', 1000.00, '2021051122001462760505044422', 'TRADE_SUCCESS', 1, NULL, 0, '2021-05-11 08:02:54', '2021-05-11 08:02:54');
INSERT INTO `edu_pay_log` VALUES ('1392029954710982658', '20210511161222787', '2021-05-11 08:12:55', 998.00, '2021051122001462760505044617', 'TRADE_SUCCESS', 1, NULL, 0, '2021-05-11 08:12:59', '2021-05-11 08:12:59');
INSERT INTO `edu_pay_log` VALUES ('1392030962220552194', '20210511161641501', '2021-05-11 08:16:56', 1000.00, '2021051122001462760505045057', 'TRADE_SUCCESS', 1, NULL, 0, '2021-05-11 08:16:59', '2021-05-11 08:16:59');
INSERT INTO `edu_pay_log` VALUES ('1393492312880873474', '20210515170336202', '2021-05-15 09:03:50', 1000.00, '2021051522001462760505047011', 'TRADE_SUCCESS', 1, NULL, 0, '2021-05-15 09:03:52', '2021-05-15 09:03:52');
INSERT INTO `edu_pay_log` VALUES ('1393830527177420802', '20210516152725899', '2021-05-16 07:27:45', 1000.00, '2021051622001462760505048215', 'TRADE_SUCCESS', 1, NULL, 0, '2021-05-16 07:27:48', '2021-05-16 07:27:48');
INSERT INTO `edu_pay_log` VALUES ('1393836254239485954', '20210516155012522', '2021-05-16 07:50:31', 2000.00, '2021051622001462760505047752', 'TRADE_SUCCESS', 1, NULL, 0, '2021-05-16 07:50:34', '2021-05-16 07:50:34');
INSERT INTO `edu_pay_log` VALUES ('1393868035516919810', '20210516175629627', '2021-05-16 09:56:47', 1000.00, '2021051622001462760505047753', 'TRADE_SUCCESS', 1, NULL, 0, '2021-05-16 09:56:51', '2021-05-16 09:56:51');
INSERT INTO `edu_pay_log` VALUES ('1394486856959213570', '20210518105530464', '2021-05-18 02:55:48', 1.00, '2021051822001462760505049205', 'TRADE_SUCCESS', 1, NULL, 0, '2021-05-18 02:55:50', '2021-05-18 02:55:50');
INSERT INTO `edu_pay_log` VALUES ('1394547923274018818', '20210518145809620', '2021-05-18 06:58:27', 1.00, '2021051822001462760505049353', 'TRADE_SUCCESS', 1, NULL, 0, '2021-05-18 06:58:29', '2021-05-18 06:58:29');
INSERT INTO `edu_pay_log` VALUES ('1394560728979005442', '20210518154900080', '2021-05-18 07:49:20', 1.00, '2021051822001462760505049462', 'TRADE_SUCCESS', 1, NULL, 0, '2021-05-18 07:49:22', '2021-05-18 07:49:22');
INSERT INTO `edu_pay_log` VALUES ('1394570498465116161', '20210518162745404', '2021-05-18 08:28:08', 1.00, '2021051822001462760505049355', 'TRADE_SUCCESS', 1, NULL, 0, '2021-05-18 08:28:11', '2021-05-18 08:28:11');
INSERT INTO `edu_pay_log` VALUES ('1394573998670524417', '20210518164146474', '2021-05-18 08:42:04', 1000.00, '2021051822001462760505049062', 'TRADE_SUCCESS', 1, NULL, 0, '2021-05-18 08:42:06', '2021-05-18 08:42:06');

-- ----------------------------
-- Table structure for edu_statistics
-- ----------------------------
DROP TABLE IF EXISTS `edu_statistics`;
CREATE TABLE `edu_statistics`  (
  `id` char(19) CHARACTER SET utf8 COLLATE utf8_general_ci NOT NULL COMMENT '主键',
  `date_calculated` varchar(20) CHARACTER SET utf8 COLLATE utf8_general_ci NOT NULL COMMENT '统计日期',
  `register_num` int(11) NOT NULL COMMENT '注册人数',
  `login_num` int(11) NOT NULL DEFAULT 0 COMMENT '登录人数',
  `video_view_num` int(11) NOT NULL DEFAULT 0 COMMENT '每日播放视频数',
  `course_num` int(11) NOT NULL DEFAULT 0 COMMENT '每日新增课程数',
  `gmt_create` datetime(0) NOT NULL COMMENT '创建时间',
  `gmt_modified` datetime(0) NOT NULL COMMENT '更新时间',
  PRIMARY KEY (`id`) USING BTREE,
  INDEX `statistics_day`(`date_calculated`) USING BTREE
) ENGINE = InnoDB CHARACTER SET = utf8 COLLATE = utf8_general_ci COMMENT = '网站统计日数据' ROW_FORMAT = Dynamic;

-- ----------------------------
-- Records of edu_statistics
-- ----------------------------
INSERT INTO `edu_statistics` VALUES ('1379691900038074369', '2021-01-02', 100, 118, 23, 25, '2021-04-07 07:05:57', '2021-04-07 07:05:57');
INSERT INTO `edu_statistics` VALUES ('1384711543306911746', '2021-04-14', 150, 78, 108, 51, '2021-04-21 03:32:13', '2021-04-21 03:32:13');
INSERT INTO `edu_statistics` VALUES ('1384711573577203713', '2021-04-21', 0, 18, 93, 121, '2021-04-21 03:32:20', '2021-04-21 03:32:20');
INSERT INTO `edu_statistics` VALUES ('1386340664794415105', '2021-04-01', 100, 176, 45, 39, '2021-04-25 15:25:46', '2021-04-25 15:25:46');
INSERT INTO `edu_statistics` VALUES ('1386340684289540097', '2021-04-02', 200, 17, 41, 143, '2021-04-25 15:25:51', '2021-04-25 15:25:51');
INSERT INTO `edu_statistics` VALUES ('1386340702857723905', '2021-04-03', 300, 90, 156, 120, '2021-04-25 15:25:55', '2021-04-25 15:25:55');
INSERT INTO `edu_statistics` VALUES ('1386340720805150722', '2021-04-04', 400, 41, 111, 80, '2021-04-25 15:25:59', '2021-04-25 15:25:59');
INSERT INTO `edu_statistics` VALUES ('1386340737645281282', '2021-04-05', 300, 178, 194, 59, '2021-04-25 15:26:03', '2021-04-25 15:26:03');
INSERT INTO `edu_statistics` VALUES ('1386342321624186881', '2021-04-06', 0, 37, 130, 30, '2021-04-25 15:32:21', '2021-04-25 15:32:21');
INSERT INTO `edu_statistics` VALUES ('1386342339013771265', '2021-04-07', 20, 3, 156, 133, '2021-04-25 15:32:25', '2021-04-25 15:32:25');
INSERT INTO `edu_statistics` VALUES ('1386349279861276673', '2021-04-25', 0, 108, 80, 76, '2021-04-25 16:00:00', '2021-04-25 16:00:00');
INSERT INTO `edu_statistics` VALUES ('1386711672839733249', '2021-04-26', 0, 39, 17, 90, '2021-04-26 16:00:01', '2021-04-26 16:00:01');
INSERT INTO `edu_statistics` VALUES ('1386971459678633986', '2021-04-08', 0, 22, 104, 99, '2021-04-27 09:12:19', '2021-04-27 09:12:19');
INSERT INTO `edu_statistics` VALUES ('1386971482508230658', '2021-04-09', 0, 140, 59, 53, '2021-04-27 09:12:25', '2021-04-27 09:12:25');
INSERT INTO `edu_statistics` VALUES ('1386971499876843522', '2021-04-10', 0, 99, 120, 108, '2021-04-27 09:12:29', '2021-04-27 09:12:29');
INSERT INTO `edu_statistics` VALUES ('1387798836805632002', '2021-04-29', 0, 142, 93, 164, '2021-04-29 16:00:01', '2021-04-29 16:00:01');
INSERT INTO `edu_statistics` VALUES ('1388161224419622913', '2021-04-30', 0, 187, 33, 128, '2021-04-30 16:00:01', '2021-04-30 16:00:01');
INSERT INTO `edu_statistics` VALUES ('1394477680136564738', '2021-05-11', 1, 13, 46, 147, '2021-05-18 02:19:22', '2021-05-18 02:19:22');
INSERT INTO `edu_statistics` VALUES ('1394477708116766721', '2021-05-12', 0, 18, 23, 40, '2021-05-18 02:19:28', '2021-05-18 02:19:28');
INSERT INTO `edu_statistics` VALUES ('1394477731638423554', '2021-05-13', 0, 98, 185, 186, '2021-05-18 02:19:34', '2021-05-18 02:19:34');
INSERT INTO `edu_statistics` VALUES ('1394477759522156545', '2021-05-14', 0, 4, 166, 15, '2021-05-18 02:19:41', '2021-05-18 02:19:41');
INSERT INTO `edu_statistics` VALUES ('1394477779562541058', '2021-05-15', 0, 85, 164, 37, '2021-05-18 02:19:45', '2021-05-18 02:19:45');
INSERT INTO `edu_statistics` VALUES ('1394477798592098306', '2021-05-16', 0, 24, 175, 143, '2021-05-18 02:19:50', '2021-05-18 02:19:50');
INSERT INTO `edu_statistics` VALUES ('1394477818007531521', '2021-05-17', 0, 38, 7, 164, '2021-05-18 02:19:55', '2021-05-18 02:19:55');
INSERT INTO `edu_statistics` VALUES ('1394477861133365249', '2021-05-18', 0, 158, 75, 23, '2021-05-18 02:20:05', '2021-05-18 02:20:05');

-- ----------------------------
-- Table structure for edu_subject
-- ----------------------------
DROP TABLE IF EXISTS `edu_subject`;
CREATE TABLE `edu_subject`  (
  `id` char(19) CHARACTER SET utf8mb4 COLLATE utf8mb4_0900_ai_ci NOT NULL COMMENT '课程类别ID',
  `title` varchar(10) CHARACTER SET utf8mb4 COLLATE utf8mb4_0900_ai_ci NOT NULL COMMENT '类别名称',
  `parent_id` char(19) CHARACTER SET utf8mb4 COLLATE utf8mb4_0900_ai_ci NOT NULL DEFAULT '0' COMMENT '父ID',
  `sort` int(10) UNSIGNED NOT NULL DEFAULT 0 COMMENT '排序字段',
  `gmt_create` datetime(0) NOT NULL COMMENT '创建时间',
  `gmt_modified` datetime(0) NOT NULL COMMENT '更新时间',
  PRIMARY KEY (`id`) USING BTREE,
  INDEX `idx_parent_id`(`parent_id`) USING BTREE
) ENGINE = InnoDB CHARACTER SET = utf8mb4 COLLATE = utf8mb4_0900_ai_ci COMMENT = '课程科目' ROW_FORMAT = Compact;

-- ----------------------------
-- Records of edu_subject
-- ----------------------------
INSERT INTO `edu_subject` VALUES ('1375346837354975233', '前端开发', '0', 0, '2021-03-26 07:20:13', '2021-03-26 07:20:13');
INSERT INTO `edu_subject` VALUES ('1375346837975732225', 'html', '1375346837354975233', 0, '2021-03-26 07:20:14', '2021-03-26 07:20:14');
INSERT INTO `edu_subject` VALUES ('1375346838571323393', 'css', '1375346837354975233', 0, '2021-03-26 07:20:14', '2021-03-26 07:20:14');
INSERT INTO `edu_subject` VALUES ('1375346839150137346', 'vue', '1375346837354975233', 0, '2021-03-26 07:20:14', '2021-03-26 07:20:14');
INSERT INTO `edu_subject` VALUES ('1375346839586344961', 'node.js', '1375346837354975233', 0, '2021-03-26 07:20:14', '2021-03-26 07:20:14');
INSERT INTO `edu_subject` VALUES ('1375346840173547521', '后端开发', '0', 0, '2021-03-26 07:20:14', '2021-03-26 07:20:14');
INSERT INTO `edu_subject` VALUES ('1375346840731389953', 'java', '1375346840173547521', 0, '2021-03-26 07:20:14', '2021-03-26 07:20:14');
INSERT INTO `edu_subject` VALUES ('1375346841314398210', 'php', '1375346840173547521', 0, '2021-03-26 07:20:14', '2021-03-26 07:20:14');
INSERT INTO `edu_subject` VALUES ('1375346842241339394', 'c++', '1375346840173547521', 0, '2021-03-26 07:20:15', '2021-03-26 07:20:15');
INSERT INTO `edu_subject` VALUES ('1375346842828541953', '数据库', '0', 0, '2021-03-26 07:20:15', '2021-03-26 07:20:15');
INSERT INTO `edu_subject` VALUES ('1375346843478659073', 'mysql', '1375346842828541953', 0, '2021-03-26 07:20:15', '2021-03-26 07:20:15');
INSERT INTO `edu_subject` VALUES ('1375346844153942018', 'redis', '1375346842828541953', 0, '2021-03-26 07:20:15', '2021-03-26 07:20:15');
INSERT INTO `edu_subject` VALUES ('1375376436675760130', '大数据', '0', 0, '2021-03-26 09:17:50', '2021-03-26 09:17:50');
INSERT INTO `edu_subject` VALUES ('1375407143380852738', 'hadoop', '1375376436675760130', 0, '2021-03-26 11:19:51', '2021-03-26 11:19:51');
INSERT INTO `edu_subject` VALUES ('1375407188196990977', 'hive', '1375376436675760130', 0, '2021-03-26 11:20:02', '2021-03-26 11:20:02');
INSERT INTO `edu_subject` VALUES ('1375407225522102274', '测试', '', 0, '2021-03-26 11:20:11', '2021-03-26 11:20:11');
INSERT INTO `edu_subject` VALUES ('1375407457215455233', '测试1', '1375407225522102274', 0, '2021-03-26 11:21:06', '2021-03-26 11:21:06');
INSERT INTO `edu_subject` VALUES ('1382196951078969345', 'Python', '', 0, '2021-04-14 05:00:08', '2021-04-14 05:00:08');
INSERT INTO `edu_subject` VALUES ('1382196989133889538', '基础', '1382196951078969345', 0, '2021-04-14 05:00:17', '2021-04-14 05:00:17');
INSERT INTO `edu_subject` VALUES ('1382215908263501826', '拓展', '', 0, '2021-04-14 06:15:28', '2021-04-14 06:15:28');
INSERT INTO `edu_subject` VALUES ('1382215994469031937', '搜索引擎', '1382215908263501826', 0, '2021-04-14 06:15:48', '2021-04-14 06:15:48');
INSERT INTO `edu_subject` VALUES ('1382216036605009921', '摄影', '1382215908263501826', 0, '2021-04-14 06:15:58', '2021-04-14 06:15:58');
INSERT INTO `edu_subject` VALUES ('1382216097393057794', '教资', '1382215908263501826', 0, '2021-04-14 06:16:13', '2021-04-14 06:16:13');
INSERT INTO `edu_subject` VALUES ('1382216148794253313', '口语', '1382215908263501826', 0, '2021-04-14 06:16:25', '2021-04-14 06:16:25');
INSERT INTO `edu_subject` VALUES ('1382216193870438401', 'cad', '1382215908263501826', 0, '2021-04-14 06:16:36', '2021-04-14 06:16:36');
INSERT INTO `edu_subject` VALUES ('1394574567971770370', '测试分类', '0', 0, '2021-05-18 08:44:22', '2021-05-18 08:44:22');
INSERT INTO `edu_subject` VALUES ('1394574568416366594', '测试1', '1394574567971770370', 0, '2021-05-18 08:44:22', '2021-05-18 08:44:22');
INSERT INTO `edu_subject` VALUES ('1394574569070678018', '测试2', '1394574567971770370', 0, '2021-05-18 08:44:22', '2021-05-18 08:44:22');
INSERT INTO `edu_subject` VALUES ('1394574569498497025', '测试3', '1394574567971770370', 0, '2021-05-18 08:44:22', '2021-05-18 08:44:22');

-- ----------------------------
-- Table structure for edu_teacher
-- ----------------------------
DROP TABLE IF EXISTS `edu_teacher`;
CREATE TABLE `edu_teacher`  (
  `id` char(19) CHARACTER SET utf8mb4 COLLATE utf8mb4_0900_ai_ci NOT NULL COMMENT '讲师ID',
  `name` varchar(20) CHARACTER SET utf8mb4 COLLATE utf8mb4_0900_ai_ci NOT NULL COMMENT '讲师姓名',
  `intro` varchar(255) CHARACTER SET utf8mb4 COLLATE utf8mb4_0900_ai_ci NOT NULL COMMENT '讲师资历,一句话说明讲师',
  `career` text CHARACTER SET utf8mb4 COLLATE utf8mb4_0900_ai_ci NULL COMMENT '讲师简介',
  `avatar` varchar(255) CHARACTER SET utf8mb4 COLLATE utf8mb4_0900_ai_ci NULL DEFAULT NULL COMMENT '讲师头像',
  `sort` int(10) UNSIGNED NOT NULL DEFAULT 0 COMMENT '排序',
  `is_deleted` tinyint(1) UNSIGNED NOT NULL DEFAULT 0 COMMENT '逻辑删除 1（true）已删除， 0（false）未删除',
  `gmt_create` datetime(0) NOT NULL COMMENT '创建时间',
  `gmt_modified` datetime(0) NOT NULL COMMENT '更新时间',
  `level` int(10) NULL DEFAULT NULL COMMENT '讲师职称  null 为讲师逻辑删除后方便解除edu_teacher_level的关联',
  PRIMARY KEY (`id`) USING BTREE,
  INDEX `idx_name`(`name`) USING BTREE,
  INDEX `teacher_level`(`level`) USING BTREE,
  CONSTRAINT `teacher_level` FOREIGN KEY (`level`) REFERENCES `edu_teacher_level` (`id`) ON DELETE RESTRICT ON UPDATE RESTRICT
) ENGINE = InnoDB CHARACTER SET = utf8mb4 COLLATE = utf8mb4_0900_ai_ci COMMENT = '讲师' ROW_FORMAT = Dynamic;

-- ----------------------------
-- Records of edu_teacher
-- ----------------------------
INSERT INTO `edu_teacher` VALUES ('1372960550580924418', '测试', '测试1', '测试1', '测试1', 0, 1, '2021-03-19 17:17:58', '2021-03-19 17:17:58', NULL);
INSERT INTO `edu_teacher` VALUES ('1372961012193488898', '测试', '测试1', '测试1', '测试1', 0, 1, '2021-03-19 17:19:48', '2021-03-25 08:33:55', NULL);
INSERT INTO `edu_teacher` VALUES ('1372962139593019394', '测试', '测试1', '测试1', '测试1', 0, 1, '2021-03-19 17:24:17', '2021-03-25 08:31:33', NULL);
INSERT INTO `edu_teacher` VALUES ('1373125455086891009', '测试', '测试1', '测试1', '测试1', 0, 1, '2021-03-20 04:13:15', '2021-03-25 08:31:05', NULL);
INSERT INTO `edu_teacher` VALUES ('1373899973569130498', '高级讲师', '高级讲师', '高级讲师', 'https://sanjin-edu.oss-cn-shenzhen.aliyuncs.com/avatar/2021/05/13/9a53f5bd-cc4a-4607-88eb-e6402619b052.png', 0, 0, '2021-03-22 07:30:54', '2021-05-16 09:26:26', 2);
INSERT INTO `edu_teacher` VALUES ('1373901008454922241', '999595', '.2.', '210221', 'http://img.sanjin.work/avatar/40A61AF8FEDD5B297500347AC385D702.jpg', 0, 1, '2021-03-22 07:35:01', '2021-03-22 07:35:01', NULL);
INSERT INTO `edu_teacher` VALUES ('1373901076423618562', '666', '', '', 'http://img.sanjin.work/avatar/40A61AF8FEDD5B297500347AC385D702.jpg', 0, 1, '2021-03-22 07:35:17', '2021-03-22 07:56:29', NULL);
INSERT INTO `edu_teacher` VALUES ('1374646869879164930', 'java', 'java', 'java', 'http://img.sanjin.work/avatar/40A61AF8FEDD5B297500347AC385D702.jpg', 0, 0, '2021-03-24 08:58:48', '2021-04-14 04:45:05', 3);
INSERT INTO `edu_teacher` VALUES ('1375002004094488578', '三金测试', '拥有5年web开发经验', '资深web开发工程师', 'https://img.sanjin.work/avatar/2021/03/27/0961427f-5e35-4f19-b287-afab857a5d17.jpg', 0, 0, '2021-03-25 08:29:59', '2021-04-30 07:18:34', 5);
INSERT INTO `edu_teacher` VALUES ('1375070568222576642', 'qwrwqr', 'qwrqw', 'qwrqwr', 'http://img.sanjin.work/avatar/40A61AF8FEDD5B297500347AC385D702.jpg', 1, 1, '2021-03-25 13:02:26', '2021-03-25 13:02:26', NULL);
INSERT INTO `edu_teacher` VALUES ('1375070700880023553', 'afafss', 'qrfqwf', 'qfqwf', 'http://img.sanjin.work/avatar/40A61AF8FEDD5B297500347AC385D702.jpg', 10, 1, '2021-03-25 13:02:57', '2021-03-25 13:02:57', 5);
INSERT INTO `edu_teacher` VALUES ('1375263654496231426', '阿道夫', '的', '阿达', 'http://img.sanjin.work/avatar/40A61AF8FEDD5B297500347AC385D702.jpg', 0, 1, '2021-03-26 01:49:41', '2021-03-26 01:49:41', NULL);
INSERT INTO `edu_teacher` VALUES ('1375297068167335937', '是否是', '分', '附佛', 'http://img.sanjin.work/avatar/40A61AF8FEDD5B297500347AC385D702.jpg', 0, 1, '2021-03-26 04:02:27', '2021-03-26 04:02:27', NULL);
INSERT INTO `edu_teacher` VALUES ('1382193983994765314', 'web前端', 'web前端', 'web前端', 'http://img.sanjin.work/avatar/40A61AF8FEDD5B297500347AC385D702.jpg', 0, 0, '2021-04-14 04:48:20', '2021-04-14 04:48:20', 5);
INSERT INTO `edu_teacher` VALUES ('1382194114534088706', '首席讲师', '首席讲师', '首席讲师', 'http://img.sanjin.work/avatar/40A61AF8FEDD5B297500347AC385D702.jpg', 0, 0, '2021-04-14 04:48:51', '2021-04-14 04:48:51', 1);
INSERT INTO `edu_teacher` VALUES ('1382194252052733953', 'python讲师', 'python讲师', 'python讲师', 'http://img.sanjin.work/avatar/40A61AF8FEDD5B297500347AC385D702.jpg', 0, 0, '2021-04-14 04:49:24', '2021-04-14 04:49:24', 4);
INSERT INTO `edu_teacher` VALUES ('1382201850386751489', 'mysql讲师', 'mysql讲师', 'mysql讲师', 'http://img.sanjin.work/avatar/40A61AF8FEDD5B297500347AC385D702.jpg', 0, 0, '2021-04-14 05:19:36', '2021-04-14 05:19:36', 44);
INSERT INTO `edu_teacher` VALUES ('1382261953378951169', '初级', '', '', 'http://img.sanjin.work/avatar/40A61AF8FEDD5B297500347AC385D702.jpg', 0, 0, '2021-04-14 09:18:26', '2021-04-14 09:18:26', 1);
INSERT INTO `edu_teacher` VALUES ('1392020918674485250', '20210511测试15：37', '0511测试', '0511测试', 'https://sanjin-edu.oss-cn-shenzhen.aliyuncs.com/avatar/2021/05/11/f24fcf8a-5a4e-4a44-88b0-012170b1ea12.png', 1, 0, '2021-05-11 07:37:04', '2021-05-11 07:37:28', 46);
INSERT INTO `edu_teacher` VALUES ('1392024105812848642', '测试11111', '测试', '测试', 'https://sanjin-edu.oss-cn-shenzhen.aliyuncs.com/avatar/2021/05/11/27d97956-bba8-4f47-b3a3-dec6d50ed02c.png', 0, 0, '2021-05-11 07:49:44', '2021-05-11 07:50:05', 48);
INSERT INTO `edu_teacher` VALUES ('1393860719287500802', '1726测试', '测试', '测试', 'https://sanjin-edu.oss-cn-shenzhen.aliyuncs.com/avatar/2021/05/16/e78218ab-6f5d-4e5c-8efe-4cc7940c7c4e.png', 0, 0, '2021-05-16 09:27:47', '2021-05-16 09:27:47', 48);

-- ----------------------------
-- Table structure for edu_teacher_level
-- ----------------------------
DROP TABLE IF EXISTS `edu_teacher_level`;
CREATE TABLE `edu_teacher_level`  (
  `id` int(10) NOT NULL AUTO_INCREMENT COMMENT '讲师头衔id',
  `name` varchar(255) CHARACTER SET utf8 COLLATE utf8_general_ci NULL DEFAULT NULL COMMENT '讲师头衔',
  PRIMARY KEY (`id`) USING BTREE
) ENGINE = InnoDB AUTO_INCREMENT = 49 CHARACTER SET = utf8mb4 COLLATE = utf8mb4_0900_ai_ci ROW_FORMAT = Dynamic;

-- ----------------------------
-- Records of edu_teacher_level
-- ----------------------------
INSERT INTO `edu_teacher_level` VALUES (1, '首席讲师');
INSERT INTO `edu_teacher_level` VALUES (2, '高级讲师');
INSERT INTO `edu_teacher_level` VALUES (3, 'java高级工程师');
INSERT INTO `edu_teacher_level` VALUES (4, 'python讲师');
INSERT INTO `edu_teacher_level` VALUES (5, 'web前端讲师');
INSERT INTO `edu_teacher_level` VALUES (44, 'mysql讲师');
INSERT INTO `edu_teacher_level` VALUES (46, '测试');
INSERT INTO `edu_teacher_level` VALUES (48, '测试11');

-- ----------------------------
-- Table structure for edu_user
-- ----------------------------
DROP TABLE IF EXISTS `edu_user`;
CREATE TABLE `edu_user`  (
  `id` char(19) CHARACTER SET utf8mb4 COLLATE utf8mb4_0900_ai_ci NOT NULL COMMENT '用户id',
  `email` varchar(128) CHARACTER SET utf8mb4 COLLATE utf8mb4_0900_ai_ci NULL DEFAULT NULL COMMENT '邮箱',
  `mobile` varchar(20) CHARACTER SET utf8mb4 COLLATE utf8mb4_0900_ai_ci NULL DEFAULT NULL COMMENT '手机号',
  `password` varchar(255) CHARACTER SET utf8mb4 COLLATE utf8mb4_0900_ai_ci NULL DEFAULT NULL COMMENT '密码',
  `nickname` varchar(50) CHARACTER SET utf8mb4 COLLATE utf8mb4_0900_ai_ci NULL DEFAULT NULL COMMENT '昵称',
  `sex` tinyint(2) UNSIGNED NULL DEFAULT NULL COMMENT '性别 1 女，2 男',
  `age` tinyint(3) UNSIGNED NULL DEFAULT NULL COMMENT '年龄',
  `avatar` varchar(255) CHARACTER SET utf8mb4 COLLATE utf8mb4_0900_ai_ci NULL DEFAULT NULL COMMENT '用户头像',
  `sign` varchar(100) CHARACTER SET utf8mb4 COLLATE utf8mb4_0900_ai_ci NULL DEFAULT NULL COMMENT '用户签名',
  `is_disabled` tinyint(1) NOT NULL DEFAULT 0 COMMENT '是否禁用 1（true）已禁用，  0（false）未禁用',
  `is_deleted` tinyint(1) NOT NULL DEFAULT 0 COMMENT '逻辑删除 1（true）已删除， 0（false）未删除',
  `gmt_create` datetime(0) NOT NULL COMMENT '创建时间',
  `gmt_modified` datetime(0) NOT NULL COMMENT '更新时间',
  PRIMARY KEY (`id`) USING BTREE
) ENGINE = InnoDB CHARACTER SET = utf8mb4 COLLATE = utf8mb4_0900_ai_ci COMMENT = '用户表' ROW_FORMAT = Dynamic;

-- ----------------------------
-- Records of edu_user
-- ----------------------------
INSERT INTO `edu_user` VALUES ('1381541829063802882', '1443937284@qq.com', '111111', 'e10adc3949ba59abbe56e057f20f883e', '江三金', 2, 20, 'https://sanjin-edu.oss-cn-shenzhen.aliyuncs.com/avatar/2021/04/20/c0e6c65b-8428-4c81-92ce-4022728c4472.jpg', '0000', 0, 0, '2021-04-12 09:36:55', '2021-05-11 08:04:13');
INSERT INTO `edu_user` VALUES ('1392030541682929666', '1261148380@qq.com', '11111', 'e10adc3949ba59abbe56e057f20f883e', '张三', 2, 1, 'https://sanjin-edu.oss-cn-shenzhen.aliyuncs.com/cover/2021/05/11/b7d2a41a-77eb-45f7-8df4-da4700b668c3.jpg', '测试', 0, 0, '2021-05-11 08:15:18', '2021-05-11 08:21:23');

-- ----------------------------
-- Table structure for edu_video
-- ----------------------------
DROP TABLE IF EXISTS `edu_video`;
CREATE TABLE `edu_video`  (
  `id` char(19) CHARACTER SET utf8mb4 COLLATE utf8mb4_0900_ai_ci NOT NULL COMMENT '视频ID',
  `course_id` char(19) CHARACTER SET utf8mb4 COLLATE utf8mb4_0900_ai_ci NOT NULL COMMENT '课程ID',
  `chapter_id` char(19) CHARACTER SET utf8mb4 COLLATE utf8mb4_0900_ai_ci NOT NULL COMMENT '章节ID',
  `title` varchar(50) CHARACTER SET utf8mb4 COLLATE utf8mb4_0900_ai_ci NOT NULL COMMENT '节点名称',
  `sort` int(10) UNSIGNED NOT NULL DEFAULT 0 COMMENT '排序字段',
  `play_count` bigint(20) UNSIGNED NOT NULL DEFAULT 0 COMMENT '播放次数',
  `is_free` tinyint(1) UNSIGNED NOT NULL DEFAULT 0 COMMENT '是否可以试听：1(true)免费 0(false)收费',
  `video_source_id` varchar(100) CHARACTER SET utf8mb4 COLLATE utf8mb4_0900_ai_ci NULL DEFAULT NULL COMMENT '视频资源',
  `duration` float NOT NULL DEFAULT 0 COMMENT '视频时长（秒）',
  `status` varchar(20) CHARACTER SET utf8mb4 COLLATE utf8mb4_0900_ai_ci NOT NULL DEFAULT '' COMMENT '视频状态:见阿里云文档',
  `size` bigint(20) UNSIGNED NOT NULL DEFAULT 0 COMMENT '视频源文件大小（字节）',
  `version` bigint(20) UNSIGNED NOT NULL DEFAULT 1 COMMENT '乐观锁',
  `gmt_create` datetime(0) NOT NULL COMMENT '创建时间',
  `gmt_modified` datetime(0) NOT NULL COMMENT '更新时间',
  `video_original_name` varchar(100) CHARACTER SET utf8mb4 COLLATE utf8mb4_0900_ai_ci NULL DEFAULT NULL COMMENT '视频源文件名称',
  PRIMARY KEY (`id`) USING BTREE,
  INDEX `idx_course_id`(`course_id`) USING BTREE,
  INDEX `idx_chapter_id`(`chapter_id`) USING BTREE
) ENGINE = InnoDB CHARACTER SET = utf8mb4 COLLATE = utf8mb4_0900_ai_ci COMMENT = '课程视频' ROW_FORMAT = Compact;

-- ----------------------------
-- Records of edu_video
-- ----------------------------
INSERT INTO `edu_video` VALUES ('1382206645013094401', '15', '1382204737280057345', 'html基础', 0, 0, 0, '118fb7db74994bafb309765d7db93486', 0, '', 0, 1, '2021-04-14 05:38:39', '2021-04-14 06:03:18', '1531CA92D9E70EEA37CD165E1B1D979B_x264.mp4');
INSERT INTO `edu_video` VALUES ('1382207322477076482', '15', '1382204782670815234', 'css基础', 0, 0, 0, '0c6da6b606bf483fbb029a37d106c417', 0, '', 0, 1, '2021-04-14 05:41:21', '2021-04-14 05:54:20', '95BA4ED88896F98095178F381B4DCD37_x264.mp4');
INSERT INTO `edu_video` VALUES ('1392025900794605569', '1392025441598009345', '1392025500284710914', '第一小节', 0, 0, 1, 'b3f034ecb6934a5aa696a03dd1ccd998', 0, '', 0, 1, '2021-05-11 07:56:52', '2021-05-11 07:56:52', '95BA4ED88896F98095178F381B4DCD37_x264.mp4');
INSERT INTO `edu_video` VALUES ('1392026016049885186', '1392025441598009345', '1392025539107188738', '第二小节', 0, 0, 1, '', 0, '', 0, 1, '2021-05-11 07:57:19', '2021-05-11 07:57:28', '');
INSERT INTO `edu_video` VALUES ('1393862824630976514', '1393862497596899330', '1393862672994304002', '测试2', 0, 0, 0, 'cea4d4f149f14c8692ae3f427f070c30', 0, '', 0, 1, '2021-05-16 09:36:09', '2021-05-16 09:36:09', '95BA4ED88896F98095178F381B4DCD37_x264.mp4');
INSERT INTO `edu_video` VALUES ('1394575133493972993', '1394574939335446529', '1394575024442068994', '测试1446', 0, 0, 0, '546a86c930864ada9a4046a9ebad0787', 0, '', 0, 1, '2021-05-18 08:46:36', '2021-05-18 08:46:36', '95BA4ED88896F98095178F381B4DCD37_x264.mp4');
INSERT INTO `edu_video` VALUES ('17', '18', '15', '第一节：Java简介', 1, 1000, 0, '9797bbc7f642461c83566f1a91bac004', 100, 'Draft', 0, 1, '2019-01-01 13:08:57', '2021-05-15 09:06:20', '95BA4ED88896F98095178F381B4DCD37_x264.mp4');
INSERT INTO `edu_video` VALUES ('18', '18', '15', '第二节：表达式和赋值语句', 2, 999, 0, 'b73a69d4d14949da9d6d38a11ab667d3', 100, 'Draft', 0, 1, '2019-01-01 13:09:02', '2021-05-15 09:06:23', '494E289D4287C241BCB3171590795EA3_x264.mp4');
INSERT INTO `edu_video` VALUES ('19', '18', '15', '第三节：String类', 3, 888, 0, 'e9b10700d7ef4c559eaf99806366da67', 100, 'Draft', 0, 1, '2019-01-01 13:09:05', '2021-05-15 09:06:26', '1531CA92D9E70EEA37CD165E1B1D979B_x264.mp4');
INSERT INTO `edu_video` VALUES ('21', '1376009265566752769', '1376042779951517697', '测试', 0, 0, 0, 'a98adfb553804e13b5579b80d6ff43c8', 0, 'Draft', 0, 1, '2021-04-21 14:01:46', '2021-05-11 07:54:09', '95BA4ED88896F98095178F381B4DCD37_x264.mp4');

SET FOREIGN_KEY_CHECKS = 1;
